"Index","CV_Ref","Ref"
"CSCI",0.187068095080203,0.16
"ASCI_D",0.204131531825119,0.11
"ASCI_H",0.284364354768431,0.11
